Timestamp,Name,Status
2025-02-03 17:18:08,Not Recognized,Not Recognized
2025-02-03 17:18:08,Not Recognized,Not Recognized
2025-02-03 17:18:09,Not Recognized,Not Recognized
2025-02-03 17:18:09,Not Recognized,Not Recognized
2025-02-03 17:18:09,Not Recognized,Not Recognized
2025-02-03 17:18:09,Not Recognized,Not Recognized
2025-02-03 17:18:09,Not Recognized,Not Recognized
2025-02-03 17:18:09,Not Recognized,Not Recognized
2025-02-03 17:18:09,Not Recognized,Not Recognized
2025-02-03 17:18:09,Not Recognized,Not Recognized
2025-02-03 17:18:09,Not Recognized,Not Recognized
2025-02-03 17:18:09,Not Recognized,Not Recognized
2025-02-03 17:18:09,Not Recognized,Not Recognized
2025-02-03 17:18:10,Not Recognized,Not Recognized
2025-02-03 17:18:10,Not Recognized,Not Recognized
2025-02-03 17:18:10,Not Recognized,Not Recognized
2025-02-03 17:18:11,Not Recognized,Not Recognized
2025-02-03 17:18:11,Not Recognized,Not Recognized
2025-02-03 17:18:11,Not Recognized,Not Recognized
2025-02-03 17:18:12,Not Recognized,Not Recognized
2025-02-03 17:18:13,Not Recognized,Not Recognized
2025-02-03 17:18:14,Not Recognized,Not Recognized
2025-02-03 17:18:15,Not Recognized,Not Recognized
2025-02-03 17:18:15,Not Recognized,Not Recognized
2025-02-03 17:18:20,Not Recognized,Not Recognized
2025-02-03 17:18:21,Not Recognized,Not Recognized
